南部,中部,北部,東部,離島
,0.0,,,
,0.0,,,
,0.0,,,
,0.0,,,
,0.0,,,
,0.0,,,
,0.0,,,
,0.0,,,
,0.0,,,
,0.0,,,
,0.0007631257631257631,,,
,0.027014652014652016,,,
,0.001678876678876679,,,
,0.014499389499389498,,,
,0.08882783882783883,,,
,0.1903235653235653,,,
,0.18971306471306473,,,
,0.2094017094017094,,,
,0.1617826617826618,,,
,0.10515873015873016,,,
,0.07631257631257632,,,
,0.032661782661782664,,,
,0.003815628815628816,,,
,0.00808913308913309,,,
,0.045787545787545784,,,
,0.0815018315018315,,,
,0.04410866910866911,,,
,0.10424297924297925,,,
,0.08501221001221002,,,
,0.10286935286935288,,,
,0.09706959706959707,,,
,0.19688644688644688,,,
,0.3171550671550672,,,
,0.35210622710622713,,,
,0.23458485958485958,,,
,0.3018925518925519,,,
,0.3055555555555555,,,
,0.24145299145299146,,,
,0.19749694749694752,,,
,0.32585470085470086,,,
,0.4809218559218559,,,
,0.40796703296703296,,,
,0.27884615384615385,,,
,0.16681929181929184,,,
,0.1671245421245421,,,
,0.07356532356532357,,,
,0.003815628815628816,,,
,0.0,,,
,0.0,,,
,0.0,,,
,0.0,,,
,0.0,,,
,0.0,,,
,0.0,,,
,0.0,,,
,0.0,,,
,0.0,,,
,0.0,,,
,0.0,,,
,0.0,,,
,0.013736263736263736,,,
,0.09935897435897435,,,
,0.5231990231990232,,,
,0.6362942612942613,,,
,0.7057387057387058,,,
,0.7426739926739927,,,
,0.6692612942612942,,,
,0.688034188034188,,,
,0.4722222222222222,,,
,0.4024725274725275,,,
,0.4661172161172161,,,
,0.429029304029304,,,
,0.2384004884004884,,,
,0.4943528693528694,,,
,0.6901709401709402,,,
,0.7513736263736264,,,
,0.7951770451770451,,,
,0.773962148962149,,,
,0.7730463980463981,,,
,0.7774725274725275,,,
,0.7237484737484737,,,
,0.6744505494505495,,,
,0.7997557997557997,,,
,0.8757631257631258,,,
,0.9116300366300366,,,
,0.9111721611721612,,,
,0.8681318681318682,,,
,0.8956043956043956,,,
,0.913003663003663,,,
,0.913003663003663,,,
,0.9120879120879121,,,
,0.9116300366300366,,,
,0.8623321123321124,,,
,0.7944139194139194,,,
,0.8403540903540904,,,
,0.8881257631257631,,,
,0.8473748473748474,,,
,0.7371794871794872,,,
,0.7918192918192919,,,
,0.8270757020757021,,,
,0.8402014652014652,,,
,0.7509157509157509,,,
,0.6756715506715506,,,
,0.6011904761904762,,,
,0.5993589743589743,,,
,0.8511904761904762,,,
,0.9111721611721612,,,
,0.909035409035409,,,
,0.831959706959707,,,
,0.769078144078144,,,
,0.7922771672771673,,,
,0.8072344322344323,,,
,0.8188339438339439,,,
,0.8600427350427351,,,
,0.8717948717948718,,,
,0.9043040293040293,,,
,0.8768315018315018,,,
,0.9017094017094017,,,
,0.864010989010989,,,
,0.846001221001221,,,
,0.7202380952380952,,,
,0.6076007326007326,,,
,0.48840048840048844,,,
,0.5515873015873016,,,
,0.4056776556776557,,,
,0.38659951159951156,,,
,0.22481684981684982,,,
,0.1723137973137973,,,
,0.30845543345543347,,,
,0.6228632478632479,,,
,0.6669719169719169,,,
,0.7615995115995117,,,
,0.850885225885226,,,
,0.8527167277167278,,,
,0.8496642246642246,,,
,0.8644688644688645,,,
,0.8635531135531136,,,
,0.8644688644688645,,,
,0.8644688644688645,,,
,0.8644688644688645,,,
,0.8644688644688645,,,
,0.8641636141636142,,,
,0.8650793650793651,,,
,0.8644688644688645,,,
,0.8612637362637363,,,
,0.8525641025641025,,,
,0.8373015873015872,,,
,0.8601953601953601,,,
,0.8269230769230769,,,
,0.8634004884004883,,,
,0.8644688644688645,,,
,0.8498168498168498,,,
,0.8411172161172161,,,
,0.825091575091575,,,
,0.8357753357753358,,,
,0.8655372405372406,,,
,0.8647741147741147,,,
,0.8644688644688645,,,
,0.8644688644688645,,,
,0.8571428571428571,,,
,0.858058608058608,,,
,0.8458485958485958,,,
,0.8427960927960928,,,
,0.8644688644688645,,,
,0.8571428571428571,,,
,0.8644688644688645,,,
,0.8571428571428571,,,
,0.8644688644688645,,,
,0.836996336996337,,,
,0.7921245421245421,,,
,0.7757936507936508,,,
,0.7756410256410257,,,
,0.6523199023199022,,,
,0.6855921855921856,,,
,0.7457264957264956,,,
,0.4667277167277167,,,
,0.10760073260073261,,,
,0.1706349206349206,,,
,0.5222832722832723,,,
,0.7240537240537241,,,
,0.7693833943833944,,,
,0.4768009768009768,,,
,0.315018315018315,,,
,0.36324786324786323,,,
,0.5827228327228328,,,
,0.7335164835164835,,,
,0.7716727716727717,,,
,0.7793040293040293,,,
,0.7779304029304029,,,
,0.7762515262515263,,,
,0.7747252747252747,,,
,0.7651098901098901,,,
,0.7683150183150184,,,
,0.7187118437118437,,,
,0.6965811965811967,,,
,0.7486263736263736,,,
,0.7727411477411477,,,
,0.7585470085470085,,,
,0.7582417582417582,,,
,0.7503052503052503,,,
,0.6965811965811967,,,
,0.6062271062271062,,,
,0.6640720390720392,,,
,0.63003663003663,,,
,0.6248473748473748,,,
,0.605921855921856,,,
,0.5196886446886447,,,
,0.5071733821733821,,,
,0.5627289377289377,,,
,0.6872710622710623,,,
,0.7416056166056165,,,
,0.7115384615384616,,,
,0.6205738705738706,,,
,0.5088522588522588,,,
,0.32142857142857145,,,
,0.21504884004884003,,,
,0.14621489621489622,,,
,0.11462148962148962,,,
,0.12347374847374848,,,
,0.153998778998779,,,
,0.19200244200244201,,,
,0.2042124542124542,,,
,0.20802808302808304,,,
,0.24404761904761904,,,
,0.43452380952380953,,,
,0.41651404151404153,,,
,0.286019536019536,,,
,0.40293040293040294,,,
,0.5439560439560439,,,
,0.6952075702075703,,,
,0.7336691086691087,,,
,0.693986568986569,,,
,0.6085164835164835,,,
,0.597985347985348,,,
,0.5683760683760684,,,
,0.4453601953601954,,,
,0.2913614163614164,,,
,0.19322344322344323,,,
,0.21626984126984128,,,
,0.19322344322344323,,,
,0.10378510378510379,,,
,0.07402319902319902,,,
,0.13766788766788768,,,
,0.11752136752136752,,,
,0.11950549450549451,,,
,0.5363247863247863,,,
,0.4264346764346764,,,
,0.3872100122100122,,,
,0.3218864468864469,,,
,0.27533577533577536,,,
,0.24954212454212454,,,
,0.28876678876678874,,,
,0.4157509157509158,,,
,0.4055250305250305,,,
,0.44337606837606836,,,
,0.5531135531135531,,,
,0.675976800976801,,,
,0.7597680097680098,,,
,0.7367216117216118,,,
,0.7263431013431014,,,
,0.711996336996337,,,
,0.7722832722832722,,,
,0.7765567765567766,,,
,0.7753357753357754,,,
,0.7756410256410257,,,
,0.7756410256410257,,,
,0.7756410256410257,,,
,0.7759462759462759,,,
,0.7756410256410257,,,
,0.7753357753357754,,,
,0.7759462759462759,,,
,0.7759462759462759,,,
,0.7759462759462759,,,
,0.7762515262515263,,,
,0.7759462759462759,,,
,0.7759462759462759,,,
,0.7762515262515263,,,
,0.7759462759462759,,,
,0.7759462759462759,,,
,0.7762515262515263,,,
,0.7756410256410257,,,
,0.7612942612942613,,,
,0.7762515262515263,,,
,0.7753357753357754,,,
,0.760989010989011,,,
,0.7380952380952381,,,
,0.7307692307692307,,,
,0.7307692307692307,,,
,0.7307692307692307,,,
,0.7307692307692307,,,
,0.7303113553113553,,,
,0.7298534798534798,,,
,0.692918192918193,,,
,0.7177960927960928,,,
,0.7289377289377289,,,
,0.7303113553113553,,,
,0.7298534798534798,,,
,0.7289377289377289,,,
,0.7298534798534798,,,
,0.7307692307692307,,,
,0.7303113553113553,,,
,0.7303113553113553,,,
,0.7307692307692307,,,
,0.7293956043956044,,,
,0.7303113553113553,,,
,0.7298534798534798,,,
,0.7226800976800978,,,
,0.7307692307692307,,,
,0.7307692307692307,,,
,0.7312271062271062,,,
,0.7245115995115996,,,
,0.7321428571428571,,,
,0.7316849816849816,,,
,0.7316849816849816,,,
,0.7335164835164835,,,
,0.7326007326007326,,,
,0.7274114774114774,,,
,0.7335164835164835,,,
,0.7335164835164835,,,
,0.7335164835164835,,,
,0.733058608058608,,,
,0.7307692307692307,,,
,0.7307692307692307,,,
,0.7307692307692307,,,
,0.7231379731379732,,,
,0.7307692307692307,,,
,0.7307692307692307,,,
,0.7307692307692307,,,
,0.7316849816849816,,,
,0.7307692307692307,,,
,0.7307692307692307,,,
,0.7307692307692307,,,
,0.7307692307692307,,,
,0.7307692307692307,,,
,0.7307692307692307,,,
,0.7326007326007326,,,
,0.7335164835164835,,,
,0.7335164835164835,,,
,0.7335164835164835,,,
,0.7335164835164835,,,
,0.7335164835164835,,,
,0.7335164835164835,,,
,0.7335164835164835,,,
,0.7234432234432234,,,
,0.7248168498168498,,,
,0.7335164835164835,,,
,0.7335164835164835,,,
,0.7335164835164835,,,
,0.7335164835164835,,,
,0.7335164835164835,,,
,0.7335164835164835,,,
,0.7335164835164835,,,
,0.7335164835164835,,,
,0.7335164835164835,,,
,0.7335164835164835,,,
,0.7335164835164835,,,
,0.7335164835164835,,,
,0.7335164835164835,,,
,0.7321428571428571,,,
,0.7335164835164835,,,
,0.7266483516483516,,,
,0.7261904761904762,,,
,0.7321428571428571,,,
,0.7312271062271062,,,
,0.7307692307692307,,,
,0.7225274725274725,,,
,0.714133089133089,,,
,0.7213064713064713,,,
,0.7268009768009769,,,
,0.7080280830280831,,,
,0.7045177045177045,,,
,0.6689560439560439,,,
,0.7043650793650794,,,
,0.6855921855921856,,,
,0.7133699633699634,,,
,0.7075702075702076,,,
,0.6607142857142857,,,
,0.6807081807081806,,,
,0.7286324786324787,,,
,0.7312271062271062,,,
,0.7307692307692307,,,
,0.7208485958485958,,,
,0.6530830280830281,,,
,0.3885836385836386,,,
,0.211996336996337,,,
,0.33501221001221004,,,
,0.4152930402930403,,,
,0.37255799755799757,,,
,0.22603785103785104,,,
,0.371031746031746,,,
,0.3917887667887668,,,
,0.5135836385836386,,,
,0.5952380952380952,,,
,0.6169108669108669,,,
,0.6298840048840049,,,
,0.6686507936507937,,,
,0.6781135531135531,,,
,0.6836080586080586,,,
,0.684981684981685,,,
,0.684981684981685,,,
,0.6736874236874237,,,
,0.6422466422466422,,,
,0.6697191697191697,,,
,0.671092796092796,,,
,0.6753663003663004,,,
,0.648962148962149,,,
,0.626984126984127,,,
,0.6768925518925519,,,
,0.684981684981685,,,
,0.6694139194139194,,,
,0.6620879120879121,,,
,0.6552197802197802,,,
,0.6562881562881563,,,
,0.6787240537240538,,,
,0.684981684981685,,,
,0.6776556776556777,,,
,0.684981684981685,,,
,0.684981684981685,,,
,0.684981684981685,,,
,0.684981684981685,,,
,0.684981684981685,,,
,0.684981684981685,,,
,0.6625457875457875,,,
,0.6382783882783882,,,
,0.6382783882783882,,,
,0.6130952380952381,,,
,0.22603785103785104,,,
,0.0,,,
,0.0015262515262515263,,,
,0.0,,,
,0.0,,,
,0.0,,,
,0.008547008547008548,,,
,0.0010683760683760685,,,
,0.0,,,
,0.0007631257631257631,,,
,0.0007631257631257631,,,
,0.017246642246642244,,,
,0.1227106227106227,,,
,0.4236874236874237,,,
,0.6352258852258853,,,
,0.6266788766788767,,,
,0.6028693528693528,,,
,0.5714285714285714,,,
,0.5952380952380952,,,
,0.5637973137973138,,,
,0.5784493284493284,,,
,0.5941697191697192,,,
,0.6781135531135531,,,
,0.6607142857142857,,,
,0.6617826617826619,,,
,0.6617826617826619,,,
,0.575091575091575,,,
,0.5766178266178266,,,
,0.5471611721611722,,,
,0.6202686202686202,,,
,0.549908424908425,,,
,0.5123626373626373,,,
,0.57997557997558,,,
,0.6150793650793651,,,
,0.6431623931623931,,,
,0.635989010989011,,,
,0.6355311355311355,,,
,0.6822344322344323,,,
,0.6678876678876678,,,
,0.666056166056166,,,
,0.684981684981685,,,
,0.684981684981685,,,
,0.6852869352869353,,,
,0.684981684981685,,,
,0.684981684981685,,,
,0.6744505494505495,,,
,0.6794871794871795,,,
,0.6794871794871795,,,
,0.6808608058608059,,,
,0.6733821733821733,,,
,0.6481990231990231,,,
,0.5424297924297925,,,
,0.5080891330891331,,,
,0.48000610500610497,,,
,0.4520757020757021,,,
,0.4365079365079365,,,
,0.42353479853479853,,,
,0.4311660561660562,,,
,0.4311660561660562,,,
,0.5526556776556777,,,
,0.6767399267399268,,,
,0.6767399267399268,,,
,0.6767399267399268,,,
,0.6785714285714286,,,
,0.6822344322344323,,,
,0.6822344322344323,,,
,0.6822344322344323,,,
,0.6822344322344323,,,
,0.6822344322344323,,,
,0.6822344322344323,,,
,0.6822344322344323,,,
,0.6637667887667887,,,
,0.6158424908424909,,,
,0.18437118437118435,,,
,0.0,,,
,0.011904761904761904,,,
,0.04044566544566545,,,
,0.12606837606837606,,,
,0.10683760683760683,,,
,0.10515873015873016,,,
,0.09218559218559218,,,
,0.30753968253968256,,,
,0.12347374847374848,,,
,0.0,,,
,0.0,,,
,0.0,,,
,0.0,,,
,0.0,,,
,0.0,,,
,0.0,,,
,0.06578144078144078,,,
,0.6063797313797314,,,
,0.6886446886446886,,,
,0.6791819291819292,,,
,0.6852869352869353,,,
,0.6822344322344323,,,
,0.6697191697191697,,,
,0.6726190476190477,,,
,0.6794871794871795,,,
,0.6794871794871795,,,
,0.6794871794871795,,,
,0.6817765567765568,,,
,0.6868131868131868,,,
,0.6868131868131868,,,
,0.6868131868131868,,,
,0.6868131868131868,,,
,0.6868131868131868,,,
,0.6625457875457875,,,
,0.6382783882783882,,,
,0.6382783882783882,,,
,0.6382783882783882,,,
,0.6382783882783882,,,
,0.6311050061050062,,,
,0.6306471306471307,,,
,0.6382783882783882,,,
,0.6382783882783882,,,
,0.6382783882783882,,,
,0.6130952380952381,,,
,0.45283882783882784,,,
,0.39285714285714285,,,
,0.3585164835164835,,,
,0.3385225885225885,,,
,0.41514041514041516,,,
,0.4548229548229548,,,
,0.5144993894993896,,,
,0.6266788766788767,,,
,0.6309523809523809,,,
,0.6309523809523809,,,
,0.6309523809523809,,,
,0.6309523809523809,,,
,0.6309523809523809,,,
,0.6309523809523809,,,
,0.6309523809523809,,,
,0.6309523809523809,,,
,0.6309523809523809,,,
,0.6309523809523809,,,
,0.6309523809523809,,,
,0.6309523809523809,,,
,0.6309523809523809,,,
,0.6309523809523809,,,
,0.6309523809523809,,,
,0.6309523809523809,,,
,0.6309523809523809,,,
,0.6103479853479854,,,
,0.5982905982905983,,,
,0.5233516483516484,,,
,0.429029304029304,,,
,0.24740537240537241,,,
,0.2094017094017094,,,
,0.24420024420024422,,,
,0.16910866910866912,,,
,0.09676434676434675,,,
,0.1472832722832723,,,
,0.134004884004884,,,
,0.2851037851037851,,,
,0.49343711843711846,,,
,0.6327838827838828,,,
,0.6336996336996337,,,
,0.6336996336996337,,,
,0.6336996336996337,,,
,0.6336996336996337,,,
,0.6336996336996337,,,
,0.6336996336996337,,,
,0.6336996336996337,,,
,0.6268315018315018,,,
,0.6234737484737485,,,
,0.6193528693528693,,,
,0.6288156288156289,,,
,0.6291208791208791,,,
,0.6097374847374847,,,
,0.5882173382173382,,,
,0.6014957264957265,,,
,0.6304945054945055,,,
,0.6375152625152626,,,
,0.6382783882783882,,,
,0.6347680097680098,,,
,0.638888888888889,,,
,0.6410256410256411,,,
,0.6410256410256411,,,
,0.6410256410256411,,,
,0.6336996336996337,,,
,0.6336996336996337,,,
,0.6336996336996337,,,
,0.6382783882783882,,,
,0.6382783882783882,,,
,0.6311050061050062,,,
,0.6382783882783882,,,
,0.6153846153846154,,,
,0.6268315018315018,,,
,0.6336996336996337,,,
,0.6336996336996337,,,
,0.6336996336996337,,,
,0.6314102564102564,,,
,0.6309523809523809,,,
,0.6309523809523809,,,
,0.625,,,
,0.6382783882783882,,,
,0.6382783882783882,,,
,0.6382783882783882,,,
,0.6382783882783882,,,
,0.6382783882783882,,,
,0.6382783882783882,,,
,0.6382783882783882,,,
,0.6382783882783882,,,
,0.6382783882783882,,,
,0.6286630036630036,,,
,0.6309523809523809,,,
,0.6309523809523809,,,
,0.6309523809523809,,,
,0.6346153846153846,,,
,0.6382783882783882,,,
,0.6382783882783882,,,
,0.6391941391941391,,,
,0.6306471306471307,,,
,0.6355311355311355,,,
,0.6301892551892553,,,
,0.6333943833943835,,,
,0.6214896214896215,,,
,0.6336996336996337,,,
,0.637973137973138,,,
,0.6332417582417582,,,
,0.6376678876678876,,,
,0.6321733821733821,,,
,0.6382783882783882,,,
,0.6382783882783882,,,
,0.6245421245421245,,,
,0.6336996336996337,,,
,0.6410256410256411,,,
,0.6410256410256411,,,
,0.6257631257631258,,,
,0.6387362637362637,,,
,0.6373626373626373,,,
,0.6243894993894994,,,
,0.6382783882783882,,,
,0.6311050061050062,,,
,0.6311050061050062,,,
,0.6382783882783882,,,
,0.6369047619047619,,,
,0.6355311355311355,,,
,0.6355311355311355,,,
,0.6355311355311355,,,
,0.6355311355311355,,,
,0.6355311355311355,,,
,0.6355311355311355,,,
,0.6355311355311355,,,
,0.6355311355311355,,,
,0.6355311355311355,,,
,0.6355311355311355,,,
,0.6355311355311355,,,
,0.6355311355311355,,,
,0.6355311355311355,,,
,0.6355311355311355,,,
,0.6355311355311355,,,
,0.6326312576312576,,,
,0.5900488400488401,,,
,0.5299145299145299,,,
,0.3322649572649573,,,
,0.28083028083028083,,,
,0.24832112332112333,,,
,0.24587912087912087,,,
,0.3481379731379731,,,
,0.47268009768009767,,,
,0.5358669108669109,,,
,0.5351037851037851,,,
,0.5248778998778999,,,
,0.42948717948717946,,,
,0.34829059829059833,,,
,0.2264957264957265,,,
,0.15354090354090355,,,
,0.09355921855921856,,,
,0.2061965811965812,,,
,0.278998778998779,,,
,0.27014652014652013,,,
,0.3688949938949939,,,
,0.3885836385836386,,,
,0.25808913308913306,,,
,0.161019536019536,,,
,0.0673076923076923,,,
,0.04548229548229549,,,
,0.0753968253968254,,,
,0.153998778998779,,,
,0.27319902319902317,,,
,0.2585470085470085,,,
,0.2619047619047619,,,
,0.2586996336996337,,,
,0.2667887667887668,,,
,0.25931013431013433,,,
,0.2239010989010989,,,
,0.1800976800976801,,,
,0.251984126984127,,,
,0.30448717948717946,,,
,0.3235653235653236,,,
,0.4186507936507936,,,
,0.5276251526251526,,,
,0.5662393162393162,,,
,0.5721916971916973,,,
,0.5520451770451771,,,
,0.5550976800976801,,,
,0.6541514041514042,,,
,0.7585470085470085,,,
,0.8221916971916972,,,
,0.8589743589743589,,,
,0.8589743589743589,,,
,0.8589743589743589,,,
,0.8589743589743589,,,
,0.8571428571428571,,,
,0.8644688644688645,,,
,0.8644688644688645,,,
,0.8644688644688645,,,
,0.8644688644688645,,,
,0.8644688644688645,,,
,0.8489010989010989,,,
,0.8351648351648352,,,
,0.864010989010989,,,
,0.8273809523809523,,,
,0.8281440781440781,,,
,0.8304334554334554,,,
,0.8232600732600732,,,
,0.8154761904761905,,,
,0.8177655677655677,,,
,0.8177655677655677,,,
,0.8173076923076923,,,
,0.8141025641025641,,,
,0.8115079365079365,,,
,0.8034188034188033,,,
,0.7626678876678876,,,
,0.773962148962149,,,
,0.7974664224664224,,,
,0.6773504273504274,,,
,0.5857753357753358,,,
,0.5769230769230769,,,
,0.5615079365079365,,,
,0.4706959706959707,,,
,0.45573870573870573,,,
,0.3093711843711844,,,
,0.09584859584859584,,,
,0.051739926739926737,,,
,0.6141636141636142,,,
,0.4358974358974359,,,
,0.19963369963369965,,,
,0.040903540903540904,,,
,0.08226495726495726,,,
,0.28846153846153844,,,
,0.5906593406593407,,,
,0.7782356532356532,,,
,0.8211233211233212,,,
,0.8232600732600732,,,
,0.813949938949939,,,
,0.8134920634920635,,,
,0.8131868131868132,,,
,0.813949938949939,,,
,0.8177655677655677,,,
,0.8177655677655677,,,
,0.8177655677655677,,,
,0.8177655677655677,,,
,0.8177655677655677,,,
,0.8177655677655677,,,
,0.8194444444444444,,,
,0.8278388278388278,,,
,0.8278388278388278,,,
,0.8144078144078144,,,
,0.8205128205128205,,,
,0.8205128205128205,,,
,0.8205128205128205,,,
,0.8205128205128205,,,
,0.8205128205128205,,,
,0.8205128205128205,,,
,0.8205128205128205,,,
,0.8205128205128205,,,
,0.7800671550671551,,,
,0.7811355311355311,,,
,0.8076923076923077,,,
,0.8151709401709402,,,
,0.7709096459096458,,,
,0.8076923076923077,,,
,0.7826617826617827,,,
,0.826007326007326,,,
,0.8089133089133088,,,
,0.780982905982906,,,
,0.25213675213675213,,,
,0.31303418803418803,,,
,0.38888888888888884,,,
,0.4184981684981685,,,
,0.6646825396825397,,,
,0.7011599511599512,,,
,0.5844017094017094,,,
,0.6246947496947497,,,
,0.75503663003663,,,
,0.8061660561660561,,,
,0.8232600732600732,,,
,0.8232600732600732,,,
,0.8232600732600732,,,
,0.8151709401709402,,,
,0.7898351648351648,,,
,0.5363247863247863,,,
,0.5532661782661783,,,
,0.7735042735042735,,,
,0.8145604395604396,,,
,0.6428571428571429,,,
,0.567002442002442,,,
,0.24954212454212454,,,
,0.22542735042735043,,,
,0.3392857142857143,,,
,0.3585164835164835,,,
,0.6224053724053724,,,
,0.6681929181929183,,,
,0.7275641025641025,,,
,0.6411782661782662,,,
,0.6051587301587301,,,
,0.6295787545787546,,,
,0.41742979242979245,,,
,0.05097680097680098,,,
,0.005494505494505495,,,
,0.32081807081807084,,,
,0.7188644688644689,,,
,0.782051282051282,,,
,0.739010989010989,,,
,0.6875763125763126,,,
,0.5758547008547009,,,
,0.44490231990231993,,,
,0.4764957264957265,,,
,0.4268925518925519,,,
,0.2306166056166056,,,
,0.13018925518925517,,,
,0.2132173382173382,,,
,0.3377594627594628,,,
,0.4024725274725275,,,
,0.5786019536019537,,,
,0.682081807081807,,,
,0.711996336996337,,,
,0.6797924297924297,,,
,0.4481074481074481,,,
,0.4139194139194139,,,
,0.5352564102564102,,,
,0.6336996336996337,,,
,0.7677045177045176,,,
,0.5663919413919414,,,
,0.358974358974359,,,
,0.4636752136752137,,,
,0.6955128205128205,,,
,0.8128815628815629,,,
,0.8115079365079365,,,
,0.7916666666666666,,,
,0.809981684981685,,,
,0.8205128205128205,,,
,0.8186813186813187,,,
,0.820054945054945,,,
,0.8214285714285714,,,
,0.8232600732600732,,,
,0.8232600732600732,,,
,0.8232600732600732,,,
,0.8223443223443223,,,
,0.8205128205128205,,,
,0.8205128205128205,,,
,0.8205128205128205,,,
,0.8205128205128205,,,
,0.8205128205128205,,,
,0.8141025641025641,,,
,0.8232600732600732,,,
,0.8232600732600732,,,
,0.8228021978021978,,,
,0.8090659340659341,,,
,0.8154761904761905,,,
,0.818986568986569,,,
,0.7582417582417582,,,
,0.5923382173382173,,,
,0.5012210012210012,,,
,0.5981379731379731,,,
,0.6063797313797314,,,
,0.5654761904761905,,,
,0.5042735042735043,,,
,0.3093711843711844,,,
,0.16239316239316237,,,
,0.12225274725274725,,,
,0.26205738705738707,,,
,0.4804639804639804,,,
,0.6910866910866912,,,
,0.7835775335775336,,,
,0.8095238095238095,,,
,0.8098290598290598,,,
,0.8197496947496948,,,
,0.8218864468864469,,,
,0.8223443223443223,,,
,0.8154761904761905,,,
,0.8142551892551892,,,
,0.8197496947496948,,,
,0.7683150183150184,,,
,0.5531135531135531,,,
,0.3728632478632478,,,
,0.47588522588522586,,,
,0.5225885225885226,,,
,0.657967032967033,,,
,0.7573260073260073,,,
,0.7666361416361417,,,
,0.6970390720390721,,,
,0.4610805860805861,,,
,0.6562881562881563,,,
,0.7220695970695971,,,
,0.6881868131868132,,,
,0.7239010989010989,,,
,0.7974664224664224,,,
,0.7983821733821733,,,
,0.786019536019536,,,
,0.7927350427350428,,,
,0.8137973137973138,,,
,0.7252747252747253,,,
,0.5541819291819292,,,
,0.5004578754578755,,,
,0.7217643467643468,,,
,0.7776251526251526,,,
,0.7896825396825397,,,
,0.8061660561660561,,,
,0.8214285714285714,,,
,0.8177655677655677,,,
,0.8177655677655677,,,
,0.8182234432234432,,,
,0.8118131868131868,,,
,0.8081501831501832,,,
,0.7606837606837608,,,
,0.7747252747252747,,,
,0.7747252747252747,,,
,0.7747252747252747,,,
,0.7747252747252747,,,
,0.7747252747252747,,,
,0.7785409035409036,,,
,0.7780830280830281,,,
,0.7594627594627594,,,
,0.7486263736263736,,,
,0.693986568986569,,,
,0.38492063492063494,,,
,0.08501221001221002,,,
,0.27731990231990233,,,
,0.39667277167277165,,,
,0.5561660561660562,,,
,0.10393772893772894,,,
,0.06547619047619048,,,
,0.11477411477411478,,,
,0.21382783882783882,,,
,0.2368742368742369,,,
,0.12515262515262515,,,
,0.023809523809523808,,,
,0.0,,,
,0.026556776556776556,,,
,0.11691086691086691,,,
,0.5924908424908425,,,
,0.717948717948718,,,
,0.7017704517704517,,,
,0.6509462759462759,,,
,0.6504884004884004,,,
,0.6662087912087912,,,
,0.7097069597069597,,,
,0.7332112332112333,,,
,0.7541208791208791,,,
,0.7219169719169719,,,
,0.7564102564102564,,,
,0.75503663003663,,,
,0.7411477411477411,,,
,0.7451159951159951,,,
,0.7316849816849816,,,
,0.7496947496947497,,,
,0.746947496947497,,,
,0.7307692307692307,,,
,0.746947496947497,,,
,0.75503663003663,,,
,0.7307692307692307,,,
,0.746947496947497,,,
,0.7564102564102564,,,
,0.75503663003663,,,
,0.7335164835164835,,,
,0.7487789987789988,,,
,0.7249694749694751,,,
,0.684981684981685,,,
,0.684981684981685,,,
,0.684981684981685,,,
,0.693070818070818,,,
,0.764041514041514,,,
,0.7518315018315018,,,
,0.7380952380952381,,,
,0.7380952380952381,,,
,0.7625152625152626,,,
,0.7472527472527473,,,
,0.7326007326007326,,,
,0.763888888888889,,,
,0.6965811965811967,,,
,0.6547619047619048,,,
,0.6601037851037851,,,
,0.7055860805860806,,,
,0.7257326007326007,,,
,0.7371794871794872,,,
,0.7335164835164835,,,
,0.7335164835164835,,,
,0.7335164835164835,,,
,0.7335164835164835,,,
,0.7335164835164835,,,
,0.7326007326007326,,,
,0.7176434676434676,,,
,0.7307692307692307,,,
,0.7335164835164835,,,
,0.7335164835164835,,,
,0.7321428571428571,,,
,0.7576312576312576,,,
,0.753968253968254,,,
,0.7307692307692307,,,
,0.7307692307692307,,,
,0.7307692307692307,,,
,0.7307692307692307,,,
,0.6649877899877901,,,
,0.5947802197802198,,,
,0.6445360195360195,,,
,0.49420024420024417,,,
,0.43040293040293043,,,
,0.4056776556776557,,,
,0.3554639804639804,,,
,0.3534798534798535,,,
,0.302960927960928,,,
,0.21657509157509158,,,
,0.22023809523809523,,,
,0.18757631257631258,,,
,0.19948107448107447,,,
,0.21978021978021978,,,
,0.36111111111111116,,,
,0.37866300366300365,,,
,0.37866300366300365,,,
,0.4384920634920635,,,
,0.48687423687423687,,,
,0.3962148962148962,,,
,0.24755799755799754,,,
,0.1423992673992674,,,
,0.07020757020757021,,,
,0.021672771672771672,,,
,0.021672771672771672,,,
,0.0,,,
,0.0,,,
,0.0,,,
,0.0,,,
,0.0,,,
,0.0,,,
,0.0,,,
,0.0,,,
,0.0,,,
,0.07799145299145299,,,
,0.15354090354090355,,,
,0.23901098901098902,,,
,0.34584859584859584,,,
,0.3394383394383394,,,
,0.2999084249084249,,,
,0.30357142857142855,,,
,0.29532967032967034,,,
,0.2264957264957265,,,
,0.17261904761904762,,,
,0.040903540903540904,,,
,0.006257631257631258,,,
,0.03327228327228327,,,
,0.04410866910866911,,,
,0.048534798534798536,,,
,0.04410866910866911,,,
,0.01617826617826618,,,
,0.07661782661782661,,,
,0.25396825396825395,,,
,0.2516788766788767,,,
,0.07799145299145299,,,
,0.3394383394383394,,,
,0.7658730158730158,,,
,0.8131868131868132,,,
,0.6047008547008547,,,
,0.2242063492063492,,,
,0.11584249084249085,,,
,0.0612026862026862,,,
,0.0231990231990232,,,
,0.0,,,
,0.0,,,
,0.0,,,
,0.3566849816849817,,,
,0.7799145299145299,,,
,0.7976190476190477,,,
,0.7284798534798534,,,
,0.7777777777777777,,,
,0.782051282051282,,,
,0.782051282051282,,,
,0.782051282051282,,,
,0.7985347985347986,,,
,0.815018315018315,,,
,0.7765567765567766,,,
,0.8086080586080586,,,
,0.7814407814407814,,,
,0.7747252747252747,,,
,0.7747252747252747,,,
,0.7490842490842491,,,
,0.7362637362637363,,,
,0.7698412698412699,,,
,0.7765567765567766,,,
,0.7765567765567766,,,
,0.7765567765567766,,,
,0.7478632478632479,,,
,0.7335164835164835,,,
,0.7693833943833944,,,
,0.7384004884004883,,,
,0.7307692307692307,,,
,0.7182539682539683,,,
,0.7234432234432234,,,
,0.728021978021978,,,
,0.7646520146520146,,,
,0.7582417582417582,,,
,0.7307692307692307,,,
,0.7307692307692307,,,
,0.7182539682539683,,,
,0.7234432234432234,,,
,0.7793040293040293,,,
,0.7541208791208791,,,
,0.7231379731379732,,,
,0.7060439560439561,,,
,0.728021978021978,,,
,0.728021978021978,,,
,0.7684676434676435,,,
,0.7765567765567766,,,
,0.7765567765567766,,,
,0.7765567765567766,,,
,0.7765567765567766,,,
,0.7765567765567766,,,
,0.7765567765567766,,,
,0.7765567765567766,,,
,0.7765567765567766,,,
,0.7649572649572649,,,
,0.7506105006105006,,,
,0.6211843711843711,,,
,0.46794871794871795,,,
,0.3496642246642247,,,
,0.30006105006105005,,,
,0.17475579975579975,,,
,0.19887057387057389,,,
,0.3112026862026862,,,
,0.39682539682539686,,,
,0.45344932844932845,,,
,0.23977411477411475,,,
,0.39590964590964595,,,
,0.3782051282051282,,,
,0.36187423687423687,,,
,0.5277777777777778,,,
,0.5863858363858364,,,
,0.518009768009768,,,
,0.5628815628815629,,,
,0.5798229548229548,,,
,0.6701770451770451,,,
,0.6851343101343101,,,
,0.6161477411477411,,,
,0.6101953601953601,,,
,0.45695970695970695,,,
,0.45909645909645913,,,
,0.43253968253968256,,,
,0.34233821733821734,,,
,0.27442002442002444,,,
,0.33104395604395603,,,
,0.15354090354090355,,,
,0.11813186813186813,,,
,0.08821733821733822,,,
,0.07967032967032966,,,
,0.1706349206349206,,,
,0.07921245421245421,,,
,0.18788156288156288,,,
,0.5071733821733821,,,
,0.6851343101343101,,,
,0.7176434676434676,,,
,0.7516788766788767,,,
,0.742063492063492,,,
,0.7605311355311355,,,
,0.7728937728937729,,,
,0.7728937728937729,,,
,0.7728937728937729,,,
,0.7641941391941391,,,
,0.7667887667887667,,,
,0.7336691086691087,,,
,0.6781135531135531,,,
,0.7017704517704517,,,
,0.6376678876678876,,,
,0.5840964590964591,,,
,0.6022588522588523,,,
,0.6585775335775336,,,
,0.7335164835164835,,,
,0.7269536019536019,,,
,0.6027167277167278,,,
,0.525030525030525,,,
,0.33898046398046394,,,
,0.20604395604395603,,,
,0.23183760683760685,,,
,0.45665445665445664,,,
,0.5836385836385837,,,
,0.6987179487179487,,,
,0.7248168498168498,,,
,0.728021978021978,,,
,0.728021978021978,,,
,0.728021978021978,,,
,0.728021978021978,,,
,0.728021978021978,,,
,0.728021978021978,,,
,0.728021978021978,,,
,0.7263431013431014,,,
,0.7263431013431014,,,
,0.7156593406593407,,,
,0.5944749694749695,,,
,0.6021062271062271,,,
,0.7005494505494505,,,
,0.7292429792429792,,,
,0.7240537240537241,,,
,0.7008547008547008,,,
,0.5347985347985348,,,
,0.5318986568986569,,,
,0.47893772893772896,,,
,0.45467032967032966,,,
,0.3046398046398046,,,
,0.27350427350427353,,,
,0.4204822954822955,,,
,0.5415140415140416,,,
,0.6126373626373627,,,
,0.6442307692307693,,,
,0.6356837606837608,,,
,0.6056166056166056,,,
,0.5550976800976801,,,
,0.46291208791208793,,,
,0.26526251526251526,,,
,0.17155067155067155,,,
,0.18406593406593408,,,
,0.14926739926739926,,,
,0.12973137973137971,,,
,0.035103785103785104,,,
,0.0,,,
,0.0,,,
,0.0789072039072039,,,
,0.16697191697191696,,,
,0.2716727716727717,,,
,0.10653235653235654,,,
,0.10378510378510379,,,
,0.16636141636141638,,,
,0.12210012210012211,,,
,0.12255799755799757,,,
,0.24740537240537241,,,
,0.2489316239316239,,,
,0.27625152625152627,,,
,0.28525641025641024,,,
,0.3447802197802198,,,
,0.3939255189255189,,,
,0.39575702075702074,,,
,0.28647741147741146,,,
,0.26175213675213677,,,
,0.28113553113553114,,,
,0.3182234432234432,,,
,0.16895604395604397,,,
,0.07478632478632478,,,
,0.09416971916971918,,,
,0.12576312576312576,,,
,0.16498778998779,,,
,0.18437118437118435,,,
,0.1768925518925519,,,
,0.26633089133089133,,,
,0.23107448107448106,,,
,0.2890720390720391,,,
,0.40735653235653235,,,
,0.6478937728937729,,,
,0.6768925518925519,,,
,0.6565934065934066,,,
,0.6497252747252747,,,
,0.5825702075702075,,,
,0.6736874236874237,,,
,0.7426739926739927,,,
,0.7680097680097681,,,
,0.7692307692307693,,,
,0.7692307692307693,,,
,0.7692307692307693,,,
,0.7692307692307693,,,
,0.7692307692307693,,,
,0.7692307692307693,,,
,0.7628205128205128,,,
,0.7765567765567766,,,
,0.7765567765567766,,,
,0.7765567765567766,,,
,0.7765567765567766,,,
,0.7765567765567766,,,
,0.7765567765567766,,,
,0.7574786324786326,,,
,0.7594627594627594,,,
,0.7783882783882784,,,
,0.7811355311355311,,,
,0.7667887667887667,,,
,0.763888888888889,,,
,0.7664835164835165,,,
,0.8043345543345543,,,
,0.8232600732600732,,,
,0.8232600732600732,,,
,0.8232600732600732,,,
,0.8232600732600732,,,
,0.818986568986569,,,
,0.8128815628815629,,,
,0.8168498168498168,,,
,0.8205128205128205,,,
,0.8205128205128205,,,
,0.806929181929182,,,
,0.8063186813186813,,,
,0.815018315018315,,,
,0.8121184371184371,,,
,0.759004884004884,,,
,0.7931929181929183,,,
,0.8174603174603176,,,
,0.8205128205128205,,,
,0.8205128205128205,,,
,0.8205128205128205,,,
,0.8214285714285714,,,
,0.8232600732600732,,,
,0.8232600732600732,,,
,0.8232600732600732,,,
,0.8232600732600732,,,
,0.818070818070818,,,
,0.8255494505494505,,,
,0.8664529914529915,,,
,0.8519536019536019,,,
,0.8232600732600732,,,
,0.8232600732600732,,,
,0.8159340659340659,,,
,0.8232600732600732,,,
,0.8154761904761905,,,
,0.8438644688644689,,,
,0.8644688644688645,,,
,0.811965811965812,,,
,0.8134920634920635,,,
,0.8177655677655677,,,
,0.8177655677655677,,,
,0.8470695970695971,,,
,0.844017094017094,,,
,0.7127594627594627,,,
,0.8192918192918194,,,
,0.8205128205128205,,,
,0.8205128205128205,,,
,0.8424908424908425,,,
,0.8571428571428571,,,
,0.8205128205128205,,,
,0.8205128205128205,,,
,0.8205128205128205,,,
,0.8205128205128205,,,
,0.8478327228327228,,,
,0.8600427350427351,,,
,0.8232600732600732,,,
,0.8232600732600732,,,
,0.8232600732600732,,,
,0.8232600732600732,,,
,0.8292124542124543,,,
,0.8675213675213674,,,
,0.8637057387057387,,,
,0.8232600732600732,,,
,0.8185286935286935,,,
,0.8232600732600732,,,
,0.825091575091575,,,
,0.8203601953601953,,,
,0.8084554334554334,,,
,0.8717948717948718,,,
,0.8717948717948718,,,
,0.8576007326007326,,,
,0.8644688644688645,,,
,0.8644688644688645,,,
,0.8644688644688645,,,
,0.8644688644688645,,,
,0.8576007326007326,,,
,0.8461538461538461,,,
,0.8690476190476191,,,
,0.8690476190476191,,,
,0.8614163614163615,,,
,0.8690476190476191,,,
,0.8690476190476191,,,
,0.8690476190476191,,,
,0.8690476190476191,,,
,0.8653846153846154,,,
,0.8458485958485958,,,
,0.8717948717948718,,,
,0.8641636141636142,,,
,0.8232600732600732,,,
,0.8394383394383395,,,
,0.8539377289377289,,,
,0.8576007326007326,,,
,0.8313492063492063,,,
,0.8461538461538461,,,
,0.8461538461538461,,,
,0.8232600732600732,,,
,0.8376068376068376,,,
,0.8663003663003663,,,
,0.8519536019536019,,,
,0.8663003663003663,,,
,0.8663003663003663,,,
,0.8576007326007326,,,
,0.8589743589743589,,,
,0.8589743589743589,,,
,0.8482905982905983,,,
,0.8263125763125763,,,
,0.833943833943834,,,
,0.791056166056166,,,
,0.7542735042735044,,,
,0.8308913308913308,,,
,0.8675213675213674,,,
,0.8675213675213674,,,
,0.8569902319902319,,,
,0.8034188034188033,,,
,0.7234432234432234,,,
,0.7110805860805861,,,
,0.6875763125763126,,,
,0.8469169719169719,,,
,0.8368437118437118,,,
,0.8388278388278388,,,
,0.8423382173382173,,,
,0.8537851037851037,,,
,0.8307387057387058,,,
,0.8525641025641025,,,
,0.8466117216117216,,,
,0.7760989010989011,,,
,0.6291208791208791,,,
,0.45085470085470086,,,
,0.19932844932844934,,,
,0.09218559218559218,,,
,0.056776556776556776,,,
,0.006105006105006105,,,
,0.0,,,
,0.0,,,
,0.0,,,
,0.0,,,
,0.0,,,
,0.0,,,
,0.0,,,
,0.0,,,
,0.0,,,
,0.0,,,
,0.0115995115995116,,,
,0.07768620268620269,,,
,0.0876068376068376,,,
,0.0995115995115995,,,
,0.18345543345543344,,,
,0.3759157509157509,,,
,0.45467032967032966,,,
,0.42032967032967034,,,
,0.3753052503052503,,,
,0.23458485958485958,,,
,0.12698412698412698,,,
,0.08577533577533578,,,
,0.15415140415140413,,,
,0.0666971916971917,,,
,0.03083028083028083,,,
,0.018467643467643468,,,
,0.10363247863247863,,,
,0.1227106227106227,,,
,0.09462759462759464,,,
,0.005189255189255189,,,
,0.0,,,
,0.0,,,
,0.0,,,
,0.0,,,
,0.0,,,
,0.05555555555555556,,,
,0.13614163614163613,,,
,0.18376068376068377,,,
,0.2496947496947497,,,
,0.08211233211233211,,,
,0.035256410256410256,,,
,0.09859584859584859,,,
,0.19673382173382173,,,
,0.26373626373626374,,,
,0.10607448107448109,,,
,0.05402930402930403,,,
,0.09737484737484738,,,
,0.07310744810744811,,,
,0.07478632478632478,,,
,0.10042735042735042,,,
,0.03983516483516483,,,
,0.17918192918192918,,,
,0.18727106227106227,,,
,0.05051892551892552,,,
,0.04548229548229549,,,
,0.12835775335775335,,,
,0.248015873015873,,,
,0.28434065934065933,,,
,0.2724358974358974,,,
,0.36675824175824173,,,
,0.3243284493284493,,,
,0.28708791208791207,,,
,0.5434981684981685,,,
,0.8572954822954824,,,
,0.8949938949938949,,,
,0.9047619047619048,,,
,0.9560439560439561,,,
,0.9102564102564102,,,
,0.9412393162393162,,,
,0.913003663003663,,,
,0.9416971916971917,,,
,0.9201770451770451,,,
,0.9200244200244201,,,
,0.8366910866910867,,,
,0.8589743589743589,,,
,0.9157509157509157,,,
,0.9468864468864469,,,
,0.913003663003663,,,
,0.9478021978021978,,,
,0.9192612942612942,,,
,0.9102564102564102,,,
,0.9102564102564102,,,
,0.9484126984126985,,,
,0.9172771672771673,,,
,0.9047619047619048,,,
,0.9047619047619048,,,
,0.9407814407814408,,,
,0.9435286935286935,,,
,0.913003663003663,,,
,0.913003663003663,,,
,0.9358974358974359,,,
,0.949023199023199,,,
,0.9056776556776557,,,
,0.9322344322344323,,,
,0.9322344322344323,,,
,0.913003663003663,,,
,0.913003663003663,,,
,0.9374236874236874,,,
,0.9488705738705739,,,
,0.913003663003663,,,
,0.913003663003663,,,
,0.9258241758241759,,,
,0.9514652014652014,,,
,0.913003663003663,,,
,0.8910256410256411,,,
,0.9075091575091575,,,
,0.9288766788766788,,,
,0.9331501831501832,,,
,0.9331501831501832,,,
,0.9331501831501832,,,
,0.9247557997557997,,,
,0.9294871794871795,,,
,0.9194139194139194,,,
,0.9201770451770451,,,
,0.9331501831501832,,,
,0.9268925518925519,,,
,0.9197191697191697,,,
,0.9304029304029304,,,
,0.9304029304029304,,,
,0.9169719169719169,,,
,0.5531135531135531,,,
,0.30570818070818073,,,
,0.29853479853479853,,,
,0.28525641025641024,,,
,0.6746031746031746,,,
,0.8421855921855922,,,
,0.9331501831501832,,,
,0.9151404151404151,,,
,0.9304029304029304,,,
,0.9304029304029304,,,
,0.9241452991452992,,,
,0.9331501831501832,,,
,0.8972832722832722,,,
,0.9236874236874237,,,
,0.9151404151404151,,,
,0.916056166056166,,,
,0.907967032967033,,,
,0.9285714285714286,,,
,0.9285714285714286,,,
,0.9285714285714286,,,
,0.918040293040293,,,
,0.8844627594627594,,,
,0.861111111111111,,,
,0.8951465201465202,,,
,0.9035409035409036,,,
,0.7252747252747253,,,
,0.6994810744810744,,,
,0.6405677655677655,,,
,0.6021062271062271,,,
,0.8261599511599512,,,
,0.8017399267399268,,,
,0.6683455433455433,,,
,0.49496336996337,,,
,0.5358669108669109,,,
,0.5805860805860806,,,
,0.4461233211233211,,,
,0.4905372405372405,,,
,0.42246642246642246,,,
,0.4056776556776557,,,
,0.3623321123321123,,,
,0.36721611721611724,,,
,0.2490842490842491,,,
,0.2644993894993895,,,
,0.5477716727716727,,,
,0.5436507936507936,,,
,0.40293040293040294,,,
,0.14514652014652016,,,
,0.023809523809523808,,,
,0.002136752136752137,,,
,0.03235653235653236,,,
,0.03647741147741148,,,
,0.0,,,
,0.0,,,
,0.022435897435897436,,,
,0.06043956043956044,,,
,0.06562881562881563,,,
,0.028388278388278388,,,
,0.005189255189255189,,,
,0.0,,,
,0.019536019536019536,,,
,0.10393772893772894,,,
,0.23763736263736263,,,
,0.3487484737484738,,,
,0.5195360195360196,,,
,0.519993894993895,,,
,0.6597985347985348,,,
,0.8856837606837608,,,
,0.8545482295482296,,,
,0.8867521367521367,,,
,0.8823260073260073,,,
,0.9047619047619048,,,
,0.899114774114774,,,
,0.8766788766788767,,,
,0.8608058608058609,,,
,0.9012515262515263,,,
,0.9102564102564102,,,
,0.9102564102564102,,,
,0.9102564102564102,,,
,0.9102564102564102,,,
,0.9102564102564102,,,
,0.9043040293040293,,,
,0.9120879120879121,,,
,0.9157509157509157,,,
,0.9157509157509157,,,
,0.9157509157509157,,,
,0.9157509157509157,,,
,0.7548840048840049,,,
,0.046855921855921856,,,
,0.0,,,
,0.0,,,
,0.0,,,
,0.0,,,
,0.005036630036630037,,,
,0.09188034188034189,,,
,0.4423076923076923,,,
,0.5496031746031745,,,
,0.20161782661782662,,,
,0.09126984126984126,,,
,0.0,,,
,0.0,,,
,0.0,,,
,0.06303418803418803,,,
,0.4143772893772894,,,
,0.1336996336996337,,,
,0.013278388278388278,,,
,0.0,,,
,0.0,,,
,0.0,,,
,0.03235653235653236,,,
,0.11034798534798534,,,
,0.1736874236874237,,,
,0.08913308913308914,,,
,0.00641025641025641,,,
,0.15598290598290598,,,
,0.5924908424908425,,,
,0.7257326007326007,,,
,0.8717948717948718,,,
,0.8717948717948718,,,
,0.8717948717948718,,,
,0.8745421245421245,,,
,0.8663003663003663,,,
,0.8663003663003663,,,
,0.8786630036630036,,,
,0.865995115995116,,,
,0.8617216117216118,,,
,0.8797313797313798,,,
,0.8663003663003663,,,
,0.8663003663003663,,,
,0.8663003663003663,,,
,0.8663003663003663,,,
,0.9052197802197802,,,
,0.913003663003663,,,
,0.913003663003663,,,
,0.913003663003663,,,
,0.913003663003663,,,
,0.913003663003663,,,
,0.913003663003663,,,
,0.913003663003663,,,
,0.8997252747252747,,,
,0.8044871794871795,,,
,0.7261904761904762,,,
,0.8208180708180708,,,
,0.625,,,
,0.42246642246642246,,,
,0.36660561660561664,,,
,0.1891025641025641,,,
,0.13721001221001222,,,
,0.2132173382173382,,,
,0.39590964590964595,,,
,0.6234737484737485,,,
,0.7199328449328449,,,
,0.42521367521367526,,,
,0.2509157509157509,,,
,0.2123015873015873,,,
,0.5627289377289377,,,
,0.6509462759462759,,,
,0.632936507936508,,,
,0.818986568986569,,,
,0.894078144078144,,,
,0.8934676434676435,,,
,0.8397435897435898,,,
,0.7127594627594627,,,
,0.6072954822954824,,,
,0.5157203907203907,,,
,0.4432234432234432,,,
,0.32814407814407814,,,
,0.17032967032967034,,,
,0.16788766788766787,,,
,0.16025641025641027,,,
,0.17567155067155066,,,
,0.25778388278388276,,,
,0.44490231990231993,,,
,0.5148046398046398,,,
,0.286019536019536,,,
,0.13782051282051283,,,
,0.1684981684981685,,,
,0.28205128205128205,,,
,0.25702075702075705,,,
,0.46321733821733824,,,
,0.5914224664224664,,,
,0.6312576312576312,,,
,0.5564713064713065,,,
,0.45054945054945056,,,
,0.3282967032967033,,,
,0.3841575091575092,,,
,0.3313492063492064,,,
,0.38965201465201466,,,
,0.3655372405372405,,,
,0.1884920634920635,,,
,0.08257020757020757,,,
,0.040903540903540904,,,
,0.05036630036630037,,,
,0.07967032967032966,,,
,0.11950549450549451,,,
,0.10164835164835165,,,
,0.07417582417582418,,,
,0.09371184371184371,,,
,0.0815018315018315,,,
,0.06272893772893773,,,
,0.13766788766788768,,,
,0.22344322344322345,,,
,0.12896825396825398,,,
,0.11538461538461539,,,
,0.10195360195360197,,,
,0.07005494505494506,,,
,0.08241758241758242,,,
,0.04884004884004884,,,
,0.08608058608058608,,,
,0.19047619047619047,,,
,0.23626373626373626,,,
,0.3333333333333333,,,
,0.4838217338217338,,,
,0.5605921855921856,,,
,0.6065323565323565,,,
,0.6781135531135531,,,
,0.8910256410256411,,,
,0.9523809523809523,,,
,0.913003663003663,,,
,0.9217032967032966,,,
,0.9551282051282052,,,
,0.9542124542124543,,,
,0.9542124542124543,,,
,0.9464285714285714,,,
,0.9514652014652014,,,
,0.9514652014652014,,,
,0.9514652014652014,,,
,0.9514652014652014,,,
,0.9465811965811967,,,
,0.9560439560439561,,,
,0.9560439560439561,,,
,0.9201770451770451,,,
,0.9244505494505495,,,
,0.913003663003663,,,
,0.9412393162393162,,,
,0.9494810744810744,,,
,0.9514652014652014,,,
,0.9514652014652014,,,
,0.9188034188034188,,,
,0.9030830280830281,,,
,0.913003663003663,,,
,0.8933150183150184,,,
,0.8162393162393162,,,
,0.7034493284493285,,,
,0.722985347985348,,,
,0.7759462759462759,,,
,0.6678876678876678,,,
,0.5175518925518925,,,
,0.6402625152625153,,,
,0.6897130647130647,,,
,0.6767399267399268,,,
,0.5792124542124543,,,
,0.6422466422466422,,,
,0.8101343101343101,,,
,0.6901709401709402,,,
,0.6318681318681318,,,
,0.5740231990231991,,,
,0.6343101343101344,,,
,0.742063492063492,,,
,0.5306776556776557,,,
,0.44963369963369965,,,
,0.41651404151404153,,,
,0.36507936507936506,,,
,0.3528693528693529,,,
,0.29624542124542125,,,
,0.5183150183150184,,,
,0.6103479853479854,,,
,0.45787545787545786,,,
,0.5697496947496947,,,
,0.49648962148962145,,,
,0.3218864468864469,,,
,0.1768925518925519,,,
,0.0989010989010989,,,
,0.1330891330891331,,,
,0.22115384615384615,,,
,0.20085470085470084,,,
,0.1655982905982906,,,
,0.06257631257631258,,,
,0.01816239316239316,,,
,0.0025946275946275945,,,
,0.2432844932844933,,,
,0.22481684981684982,,,
,0.20665445665445667,,,
,0.12438949938949939,,,
,0.027472527472527472,,,
,0.04197191697191697,,,
,0.2358058608058608,,,
,0.22206959706959706,,,
,0.13156288156288157,,,
,0.08180708180708181,,,
,0.09874847374847376,,,
,0.11111111111111112,,,
,0.19276556776556777,,,
,0.28113553113553114,,,
,0.5051892551892552,,,
,0.5747863247863247,,,
,0.6393467643467644,,,
,0.6077533577533578,,,
,0.688949938949939,,,
,0.721001221001221,,,
,0.824023199023199,,,
,0.8698107448107447,,,
,0.9323870573870574,,,
,0.9465811965811967,,,
,0.9587912087912088,,,
,0.9587912087912088,,,
,0.9587912087912088,,,
,0.9587912087912088,,,
,0.9587912087912088,,,
,0.9587912087912088,,,
,0.9503968253968254,,,
,0.9363553113553114,,,
,0.9560439560439561,,,
,0.9560439560439561,,,
,0.9560439560439561,,,
,0.9560439560439561,,,
,0.9560439560439561,,,
,0.9560439560439561,,,
,0.9560439560439561,,,
,0.9536019536019535,,,
,0.9362026862026862,,,
,0.9560439560439561,,,
,0.9560439560439561,,,
,0.9560439560439561,,,
,0.9560439560439561,,,
,0.9560439560439561,,,
,0.9523809523809523,,,
,0.9560439560439561,,,
,0.9560439560439561,,,
,0.9537545787545788,,,
,0.9275030525030524,,,
,0.943986568986569,,,
,0.9348290598290598,,,
,0.9531440781440781,,,
,0.9560439560439561,,,
,0.9523809523809523,,,
,0.9494810744810744,,,
,0.9587912087912088,,,
,0.9516178266178267,,,
,0.9514652014652014,,,
,0.9514652014652014,,,
,0.9514652014652014,,,
,0.9587912087912088,,,
,0.9587912087912088,,,
,0.9587912087912088,,,
,0.9587912087912088,,,
,0.9473443223443223,,,
,0.9487179487179487,,,
,0.9487179487179487,,,
,0.949023199023199,,,
,0.9488705738705739,,,
,0.9560439560439561,,,
,0.9560439560439561,,,
,0.9560439560439561,,,
,0.9560439560439561,,,
,0.913003663003663,,,
,0.9482600732600732,,,
,0.9587912087912088,,,
,0.9587912087912088,,,
,0.9587912087912088,,,
,0.9565018315018315,,,
,0.9452075702075703,,,
,0.9230769230769231,,,
,0.8972832722832722,,,
,0.9097985347985348,,,
,0.9508547008547008,,,
,0.9401709401709402,,,
,0.9050671550671551,,,
,0.5953907203907204,,,
,0.5877594627594628,,,
,0.49648962148962145,,,
,0.3814102564102564,,,
,0.3663003663003663,,,
,0.5041208791208791,,,
,0.8461538461538461,,,
,0.9401709401709402,,,
,0.8482905982905983,,,
,0.9264346764346765,,,
,0.9452075702075703,,,
,0.8843101343101344,,,
,0.8226495726495726,,,
,0.8453907203907204,,,
,0.8371489621489622,,,
,0.7103174603174603,,,
,0.7316849816849816,,,
,0.6042429792429792,,,
,0.6416361416361417,,,
,0.6640720390720392,,,
,0.7649572649572649,,,
,0.8635531135531136,,,
,0.8537851037851037,,,
,0.9169719169719169,,,
,0.8791208791208791,,,
,0.8162393162393162,,,
,0.7408424908424909,,,
,0.836996336996337,,,
,0.8380647130647131,,,
,0.9230769230769231,,,
,0.9545177045177045,,,
,0.9444444444444444,,,
,0.8869047619047619,,,
,0.8637057387057387,,,
,0.9304029304029304,,,
,0.9560439560439561,,,
,0.9522283272283272,,,
,0.921092796092796,,,
,0.8957570207570208,,,
,0.9552808302808303,,,
,0.9548229548229549,,,
,0.9542124542124543,,,
,0.9542124542124543,,,
,0.9542124542124543,,,
,0.9542124542124543,,,
,0.9542124542124543,,,
,0.9542124542124543,,,
,0.9522283272283272,,,
,0.9560439560439561,,,
,0.9560439560439561,,,
,0.9560439560439561,,,
,0.9560439560439561,,,
,0.9560439560439561,,,
,0.9488705738705739,,,
,0.9542124542124543,,,
,0.9542124542124543,,,
,0.9542124542124543,,,
,0.9542124542124543,,,
,0.9343711843711843,,,
,0.9502442002442003,,,
,0.9560439560439561,,,
,0.9560439560439561,,,
,0.9551282051282052,,,
,0.9542124542124543,,,
,0.9542124542124543,,,
,0.9542124542124543,,,
,0.9554334554334554,,,
,0.9560439560439561,,,
,0.9560439560439561,,,
,0.9560439560439561,,,
,0.9560439560439561,,,
,0.9416971916971917,,,
,0.8116605616605617,,,
,0.5734126984126984,,,
,0.9377289377289377,,,
,0.9514652014652014,,,
,0.9514652014652014,,,
,0.9514652014652014,,,
,0.9514652014652014,,,
,0.9514652014652014,,,
,0.9514652014652014,,,
,0.9514652014652014,,,
,0.9474969474969476,,,
,0.9587912087912088,,,
,0.9587912087912088,,,
,0.9206349206349206,,,
,0.9017094017094017,,,
,0.924908424908425,,,
,0.9476495726495726,,,
,0.9560439560439561,,,
,0.9416971916971917,,,
,0.9560439560439561,,,
,0.9560439560439561,,,
,0.9560439560439561,,,
,0.9615384615384616,,,
,0.9615384615384616,,,
,0.9615384615384616,,,
,0.9610805860805861,,,
,0.9587912087912088,,,
,0.9587912087912088,,,
,0.9520757020757021,,,
,0.9514652014652014,,,
,0.9551282051282052,,,
,0.9615384615384616,,,
,0.9615384615384616,,,
,0.9615384615384616,,,
,0.9615384615384616,,,
,0.9468864468864469,,,
,0.9587912087912088,,,
,0.9444444444444444,,,
,0.9587912087912088,,,
,0.9587912087912088,,,
,0.9587912087912088,,,
,0.9511599511599512,,,
,0.9575702075702076,,,
,0.9615384615384616,,,
,0.9615384615384616,,,
,0.9291819291819292,,,
,0.9560439560439561,,,
,0.9560439560439561,,,
,0.9560439560439561,,,
,0.9560439560439561,,,
,0.9418498168498168,,,
,0.9615384615384616,,,
,0.9615384615384616,,,
,0.9615384615384616,,,
,0.9560439560439561,,,
,0.9557387057387058,,,
,0.9587912087912088,,,
,0.9282661782661783,,,
,0.9514652014652014,,,
,0.9514652014652014,,,
,0.9514652014652014,,,
,0.9514652014652014,,,
,0.945054945054945,,,
,0.8218864468864469,,,
,0.539072039072039,,,
,0.3560744810744811,,,
,0.18543956043956045,,,
,0.040293040293040296,,,
,0.005494505494505495,,,
,0.11904761904761904,,,
,0.3067765567765568,,,
,0.25625763125763124,,,
,0.1565934065934066,,,
,0.041056166056166056,,,
,0.010225885225885226,,,
,0.1523199023199023,,,
,0.4368131868131868,,,
,0.5059523809523809,,,
,0.44352869352869356,,,
,0.5692918192918193,,,
,0.5256410256410257,,,
,0.55006105006105,,,
,0.42002442002442,,,
,0.29304029304029305,,,
,0.27350427350427353,,,
,0.12362637362637363,,,
,0.11950549450549451,,,
,0.1652930402930403,,,
,0.2297008547008547,,,
,0.15674603174603174,,,
,0.3046398046398046,,,
,0.4004884004884005,,,
,0.49954212454212454,,,
,0.5352564102564102,,,
,0.5711233211233211,,,
,0.5155677655677655,,,
,0.5254884004884005,,,
,0.626984126984127,,,
,0.7205433455433455,,,
,0.4908424908424908,,,
,0.36431623931623935,,,
,0.39026251526251526,,,
,0.4987789987789988,,,
,0.7017704517704517,,,
,0.8304334554334554,,,
,0.800976800976801,,,
,0.6958180708180708,,,
,0.5836385836385837,,,
,0.5434981684981685,,,
,0.5322039072039072,,,
,0.4453601953601954,,,
,0.364010989010989,,,
,0.43070818070818073,,,
,0.3273809523809524,,,
,0.18253968253968253,,,
,0.19215506715506714,,,
,0.10744810744810745,,,
,0.06791819291819293,,,
,0.04410866910866911,,,
,0.10057997557997558,,,
,0.1617826617826618,,,
,0.2181013431013431,,,
,0.2768620268620269,,,
,0.29242979242979245,,,
,0.2000915750915751,,,
,0.19993894993894992,,,
,0.08943833943833943,,,
,0.03128815628815629,,,
,0.006105006105006105,,,
,0.029914529914529912,,,
,0.005494505494505495,,,
,0.005494505494505495,,,
,0.01862026862026862,,,
,0.059829059829059825,,,
,0.07661782661782661,,,
,0.07493894993894994,,,
,0.07448107448107448,,,
,0.015262515262515264,,,
,0.0,,,
,0.0,,,
,0.0,,,
,0.006715506715506716,,,
,0.016788766788766788,,,
,0.005189255189255189,,,
,0.0,,,
,0.0,,,
,0.0,,,
,0.01282051282051282,,,
,0.07997557997557998,,,
,0.10744810744810745,,,
,0.06715506715506715,,,
,0.03205128205128205,,,
,0.043345543345543344,,,
,0.04120879120879121,,,
,0.027472527472527472,,,
,0.0,,,
,0.0,,,
,0.0,,,
,0.0,,,
,0.0,,,
